symbole,conditionnement,tiers,constante_pb,pente,erreur_pente,student,r_deux,observations,strategie_seances,strategie_moyenne_pb,strategie_annualise,strategie_volatilite_annualisee,strategie_sharpe,strategie_part_gagnante,strategie_pire_seance_pb
SPY,volatilite_premiere,bas,-0.658255877570193,0.013978129030148351,0.08122680465346158,0.17208763892391596,4.16353686000237e-05,883,883,0.5458752226221503,0.013756055610078187,0.035678196782770996,0.3855591607903511,0.4869762174405436,-115.82425734227964
SPY,volatilite_premiere,moyen,-0.9277242315246346,-0.014676438526974988,0.021471587391544856,-0.6835283418660661,0.0005249801091359307,883,883,-0.5510073687596293,-0.013885385692742658,0.034002378665498635,-0.40836512731480795,0.4813137032842582,-116.36744856506343
SPY,volatilite_premiere,haut,1.102294962181196,-0.059102467625733714,0.02906844259125554,-2.0332175499320733,0.036955890419288706,883,883,-4.114963044028822,-0.1036970687095263,0.06093586510538456,-1.701741142596221,0.45186862967157415,-429.3933660269511
SPY,volume_premiere,bas,-0.1578867324955904,0.006103229972197153,0.024132218452057173,0.2529079530886178,0.00012028130282981664,883,883,0.10831624797257719,0.002729569448908945,0.02936490158810449,0.09295346830021982,0.49490373725934317,-115.82425734227964
SPY,volume_premiere,moyen,-0.2941694416409928,-0.057150513366676856,0.016776613852985327,-3.406558311915081,0.016124310020413812,883,883,-1.4746001665807669,-0.03715992419783533,0.035325022777161555,-1.051943389598041,0.47565118912797283,-116.36744856506343
SPY,volume_premiere,haut,-0.4059720419782682,-0.060945196883270464,0.03347650633713823,-1.8205363567362154,0.030450575114612577,883,883,-2.753811271558111,-0.0693960440432644,0.06365304452673629,-1.0902234851329988,0.44960362400906,-429.3933660269511
QQQ,volatilite_premiere,bas,-0.07539986996435655,0.06157120313366592,0.06797548376106088,0.905785435085589,0.0014801174972911557,883,883,0.7152902805480446,0.01802531506981072,0.038695645883498726,0.4658228247198581,0.5311438278595696,-188.05664125072119
QQQ,volatilite_premiere,moyen,-0.6636025615021103,-0.020840737703928417,0.020042471791348212,-1.0398287157836887,0.0012104025775583338,883,883,-0.7364590402343425,-0.018558767813905433,0.0446591009398301,-0.4155651910438132,0.49490373725934317,-134.49477351916372
QQQ,volatilite_premiere,haut,2.3504188175644436,-0.03707068670731984,0.01985074788865387,-1.8674705313500255,0.017442239509853463,883,883,-3.4784900505210503,-0.08765794927313046,0.06701330459765305,-1.3080678500997314,0.45186862967157415,-427.59592456102166
QQQ,volume_premiere,bas,0.8533478570381161,-0.020085297564309317,0.015051972103352924,-1.3343964117389766,0.0017137830068526538,883,883,-0.46750118156997605,-0.011781029775563397,0.03193240222722539,-0.36893653323453873,0.5152887882219706,-188.05664125072119
QQQ,volume_premiere,moyen,0.6504241153209173,-0.02679946282769462,0.015014823658658149,-1.7848669712641598,0.005339150415479943,883,883,-0.7433910117226896,-0.018733453495411778,0.042677695023547665,-0.4389518572892816,0.49150622876557193,-137.16137572175268
QQQ,volume_premiere,haut,-0.029935919487839344,-0.03913534275674487,0.025014356588132572,-1.5645152662176265,0.013261829216705379,883,883,-2.2887666169146823,-0.05767691874624999,0.07182987745740851,-0.8029655734892419,0.4711211778029445,-427.59592456102166
IWM,volatilite_premiere,bas,-1.3038024667529575,-0.04303393992226792,0.0486450050045269,-0.88465280080171,0.000986538480589827,883,883,-0.5421986712301526,-0.013663406514999848,0.03782605997797019,-0.3612167517039148,0.4881087202718007,-126.30837359098201
IWM,volatilite_premiere,moyen,-0.5186229425246109,-0.012779856591263516,0.019636351204108997,-0.6508264421645338,0.0004598208345140131,883,883,-1.0386358929276112,-0.0261736245017758,0.04812383680372423,-0.5438806678803771,0.46772366930917325,-127.46038012520388
IWM,volatilite_premiere,haut,0.27429617546861607,-0.030469980333349325,0.017651510849971182,-1.7261967313919233,0.01859441847973209,883,883,-3.0451488638304447,-0.0767377513685272,0.061462528735115894,-1.2485290297645044,0.46998867497168745,-375.6195113468386
IWM,volume_premiere,bas,-1.046151256328025,-0.02854346998461299,0.019606724135743075,-1.4558000503805844,0.003481647972917945,883,883,-1.5783992881116213,-0.03977566206041286,0.03809631267415018,-1.044081677946805,0.4654586636466591,-127.46038012520388
IWM,volume_premiere,moyen,0.9064166600978515,-0.024342568717846874,0.012392551227004701,-1.9642903444128437,0.00460972993869635,883,883,-1.27443013989892,-0.03211563952545278,0.0438633721708669,-0.73217443019083,0.4801812004530011,-157.17242965575196
IWM,volume_premiere,haut,-1.4240522934308095,-0.029907739981778324,0.022123691525195572,-1.351842207152359,0.013414113451197696,883,883,-1.7731539999776673,-0.044683480799437215,0.06447926076744538,-0.6929899671243942,0.4801812004530011,-375.6195113468386
DIA,volatilite_premiere,bas,-0.8240818910807775,-0.011056687680552856,0.05460417315568273,-0.20248796092981716,5.421620164625107e-05,621,621,0.14341462867667368,0.0036140486426521766,0.034808602100584986,0.10382630799733954,0.500805152979066,-159.4114040465977
DIA,volatilite_premiere,moyen,-0.4216066896834021,-0.026341537589817554,0.02011803034011724,-1.3093497297938783,0.002374419967686614,621,621,-1.2706024287445385,-0.032019181204362375,0.037797457157044176,-0.8471252727749987,0.47020933977455714,-115.10053822316402
DIA,volatilite_premiere,haut,1.1776155632726066,-0.04240681090324368,0.03205916577397943,-1.3227671363071722,0.024670929666181785,622,622,-3.142212747911927,-0.07918376124738055,0.06726774178347408,-1.1771431468929425,0.46141479099678456,-406.2584543241043
DIA,volume_premiere,bas,-0.712223612136599,0.022602977571510714,0.012458292009098216,1.8142918431357922,0.005341514642919765,621,621,1.4099872237290643,0.03553167803797242,0.03216632272447808,1.1046235636668957,0.5297906602254429,-97.23456531967045
DIA,volume_premiere,moyen,0.2660212729797977,-0.009646583013139701,0.014667875137786805,-0.6576673800752879,0.0008848738385712762,621,621,-1.3727071690037378,-0.03459222065889419,0.036959070295904374,-0.9359602495933871,0.4669887278582931,-114.99504988195852
DIA,volume_premiere,haut,-0.5379212696070279,-0.06529566271097237,0.04081051747283737,-1.5999714474199402,0.03926322466109233,622,622,-4.304808467890338,-0.10848117339083652,0.06882378468883497,-1.5762163310445647,0.43569131832797425,-406.2584543241043
