symbole,demi_heure,moyenne_pb,volatilite_pb,part_positive
SPY,1,3.773911083947382,75.26002963555841,0.5537938844847112
SPY,2,0.11165351202537954,26.640939385707888,0.5303888259720649
SPY,3,-0.6244180798291576,23.65252449253252,0.5077387693469234
SPY,4,0.6020460593201581,22.83253016761957,0.5443563608909022
SPY,5,0.5509135308506634,19.351889236903656,0.5368063420158551
SPY,6,0.12045627340693087,18.63309876030675,0.5160437901094753
SPY,7,0.4303391068903197,17.38800168970936,0.5273688184220461
SPY,8,-0.3333465540419778,20.02007521332068,0.5115137787844469
SPY,9,0.33263059098025954,18.651059150779755,0.5307663269158173
SPY,10,0.15752236564803332,20.436112194659803,0.5285013212533032
SPY,11,0.615291491850745,20.549410741404355,0.5458663646659117
SPY,12,0.17615354620037602,20.469977320534223,0.5149112872782182
SPY,13,-0.2796700997181897,28.602457670517076,0.4869762174405436
QQQ,1,5.35340224130301,91.58800331544238,0.551528878822197
QQQ,2,0.10249235923740453,35.62602124101831,0.5190637976594942
QQQ,3,-1.1170045529250003,31.494477625383606,0.5100037750094375
QQQ,4,1.0926044743478658,28.995268757929164,0.5439788599471499
QQQ,5,0.7145965522080864,25.305045479959183,0.5368063420158551
QQQ,6,-0.036715415113258,24.314213318553954,0.5209513023782559
QQQ,7,0.30532693324630333,21.996606837546484,0.5334088335220838
QQQ,8,-0.1725443552138044,24.481469789536725,0.5130237825594564
QQQ,9,0.36946113600110564,23.583259512729725,0.5217063042657607
QQQ,10,-0.005449884430098362,24.907751881945302,0.5201963004907513
QQQ,11,1.0854419281263559,25.05797787269038,0.5443563608909022
QQQ,12,-0.1524264083304285,24.663494241933126,0.5134012835032088
QQQ,13,0.4132076805837231,32.55099433669395,0.5100037750094375
IWM,1,4.695797273426661,105.13032117318038,0.5292563231408078
IWM,2,-0.7034426975098078,41.027990978648674,0.5054737636844092
IWM,3,-0.7042761278705403,35.15989960052378,0.512646281615704
IWM,4,0.3998081598396647,33.32610411912545,0.5224613061532654
IWM,5,0.7864729418826455,27.646201320180026,0.5239713099282748
IWM,6,0.0016544631019829224,25.8631677848225,0.5209513023782559
IWM,7,0.27818137785801156,24.68666121950037,0.5145337863344658
IWM,8,-0.41641768509591187,26.829171195405138,0.5013212533031333
IWM,9,0.5523854847226268,24.588533860924553,0.5258588146470367
IWM,10,0.20227140868666657,27.89515790668216,0.512646281615704
IWM,11,0.5643336094403092,26.92067959147656,0.5205738014345036
IWM,12,-0.18563331092540433,25.72597511518701,0.5130237825594564
IWM,13,-0.6538477562011407,31.59620660712886,0.4960362400906002
DIA,1,6.023820992190194,94.94963694618963,0.5456008583690987
DIA,2,-0.31334288819129014,28.36916002568705,0.5118025751072961
DIA,3,-0.6001466236384372,24.803918545158048,0.5225321888412017
DIA,4,0.2625722811393585,24.85768266510724,0.5236051502145923
DIA,5,0.821827660843969,20.599174804414883,0.5273605150214592
DIA,6,0.1276576444585813,19.57215171689422,0.5166309012875536
DIA,7,0.41863140322854725,18.49007443281303,0.5187768240343348
DIA,8,-0.8107056608556412,21.369765379934734,0.4989270386266094
DIA,9,0.3766019260316617,19.3289189192887,0.5128755364806867
DIA,10,0.05706559238378775,21.49793140477422,0.5209227467811158
DIA,11,0.3822154957173677,21.531669850390053,0.5257510729613734
DIA,12,0.3976389949760373,21.057502808842546,0.5257510729613734
DIA,13,-0.25993054672549476,30.853681152287823,0.47854077253218885
EEM,1,1.287324087505749,111.53492126373487,0.5120810600155885
EEM,2,0.37371033974553186,25.980387622037178,0.5038971161340607
EEM,3,-0.33140216645693166,23.080505719508903,0.49649259547934527
EEM,4,0.6931803508717088,21.740200848296563,0.5132501948558067
EEM,5,0.1844060534041148,18.249046124062858,0.5190958690568979
EEM,6,0.3074251485779599,17.08251253258916,0.5042868277474669
EEM,7,0.30481097226887727,15.605017441907485,0.509353078721746
EEM,8,-0.48496818997730745,16.52637404274,0.4922057677318784
EEM,9,0.29767035216765875,15.988029841813846,0.5074045206547155
EEM,10,0.5969313067160488,19.210779668787026,0.5113016367887763
EEM,11,0.5113024690299207,17.287225991053397,0.5101325019485581
EEM,12,-0.0069131289346921945,16.709435182314508,0.48246297739672644
EEM,13,0.08222307723867874,18.432693574641043,0.49025720966484804
EFA,1,0.22644233425079008,89.90480273134472,0.5219758848697005
EFA,2,-0.0008067428862540508,22.7492499795758,0.5103072734344613
EFA,3,-0.31567798654426305,19.880444507191243,0.5071956437183975
EFA,4,0.2514866508480277,19.266725421803812,0.5258654220147803
EFA,5,0.3012390500533256,16.54094365967291,0.5052508751458576
EFA,6,0.3279386737566304,14.618494423191052,0.5064177362893816
EFA,7,0.35661474330798465,13.483615237361883,0.5095293660054454
EFA,8,-0.216842726266216,15.497365807885174,0.5017502917152858
EFA,9,0.32806845869319323,14.259364012768536,0.5064177362893816
EFA,10,0.5150520167593284,15.9333689925056,0.513807856865033
EFA,11,0.5676510870960433,15.860237088206164,0.5208090237261765
EFA,12,0.2109650385948661,14.709162166612055,0.5095293660054454
EFA,13,0.44494330299833773,18.007214071589665,0.5200311162971606
GLD,1,5.0876791382331,85.25360198744055,0.543359375
GLD,2,0.2706698354629079,27.087516616433486,0.508203125
GLD,3,0.18271278425197826,20.39013459216332,0.5046875
GLD,4,0.6030217642424164,19.6918249222563,0.503515625
GLD,5,-0.23148600555299334,15.772829264846322,0.504296875
GLD,6,-0.4959545957266064,14.62190969126046,0.4875
GLD,7,-0.1620986250550254,12.626853572305944,0.502734375
GLD,8,-0.35343110061900834,14.3366950165538,0.493359375
GLD,9,0.6002600652168415,13.751489852430682,0.5125
GLD,10,0.1121032317818035,15.752173543107332,0.512890625
GLD,11,0.22055802864945045,14.014681828152558,0.50625
GLD,12,-0.07165476350326667,12.758698954413672,0.491796875
GLD,13,0.14605747624268917,12.847673576764768,0.503125
TLT,1,-1.8818286109213918,74.20116523198251,0.4877250409165303
TLT,2,0.4222513710115915,23.090758344355127,0.5090016366612111
TLT,3,0.5288524094608343,19.719321794138263,0.5102291325695582
TLT,4,0.10588184096989699,18.419734262364187,0.5008183306055647
TLT,5,-0.1851985251786089,15.530810539722204,0.4959083469721768
TLT,6,-0.20499904245872824,14.355265158390315,0.49427168576104746
TLT,7,-0.3995176688457355,13.633638282115188,0.4795417348608838
TLT,8,0.6906569239031435,18.16556228739733,0.49631751227495907
TLT,9,0.3643793586052906,12.731017953720347,0.5143207855973814
TLT,10,-0.9028373629112273,14.013649145314464,0.47545008183306053
TLT,11,-0.34942717561585784,14.934477397359425,0.4844517184942717
TLT,12,-0.22513932539564446,13.564152319063652,0.48567921440261863
TLT,13,0.9111206021953584,16.236951726322815,0.5450081833060556
